feature,importance
spend_to_price_ratio,0.9991719118961968
total_spent,0.0007801743570202172
avg_item_price,4.784670949472839e-05
high_spender_flag,6.703728822059265e-08
