feature,mean_abs_shap
spend_to_price_ratio,1.4558058903953002
total_spent,0.0020066676025387096
avg_item_price,0.0003305814967716916
high_spender_flag,1.0323007938865596e-05
